type,ProductName,ASIN,Rating,NoOfReviews,URL,Price,SaveCoupon,ViewPortWidth,ViewPortHeight,Small Business,Limited Deal Offer,Best Seller
Results,"AOTESIER iPhone 13 Pro Case,[Military Shockproof Protection] Liquid Silicone Phone Case with [Soft Anti-Scratch Microfiber Lining] Camera & Screen Protection 6.1 inch Slim Thin Cover（Calke Green）",B0BFKBGN1G,4.2,"1,624 ",https://www.amazon.com/AOTESIER-iPhone-Pro-Case-Anti-Scratch/dp/B0BFKBGN1G/ref=sr_1_17?crid=14S2RDSMQQ6LZ&dib=eyJ2IjoiMSJ9._muNdQ9VM-gVv-wd5gmW38gvm-oG9usasqJvmoptT06jFL-WFM8CYe1Ej2v6SpCyr6AIFApDaNxgQixCtVOFTU26FvG3ugfNgXZEQKL9A5OpFTHoxTsWOo-ketbG_47VHQDx1vKvXVUF3m5UZDGSJjV1_f5K58Fs8nW2tRocqnb-yRpILrqAKy2ZioFMP9qQ5TUWb3wRfQXm-zoMt_fKJ73obeWpcyucIqK415Pj5E4.siDluVOl04d_0bKvtEDGZBhleQO9Tpn6DRrOE6DZsp4&dib_tag=se&keywords=iphone+cover+13pro&qid=1725872105&sprefix=iphone+cover+13pro%2Caps%2C522&sr=8-17,,,1291,826,FALSE,FALSE,FALSE
Results,ORNARTO Shockproof Liquid Silicone Designed for iPhone 13 Pro Case Gel Rubber Comprehensive Protection Anti-Shock Cover Case Drop Protection 6.1inch-Blue,B09F3M4VWW,4.6,"2,682 ",https://www.amazon.com/ORNARTO-Shockproof-Protection-Anti-Shock-6-1inch-Blue/dp/B09F3M4VWW/ref=sr_1_18?crid=14S2RDSMQQ6LZ&dib=eyJ2IjoiMSJ9._muNdQ9VM-gVv-wd5gmW38gvm-oG9usasqJvmoptT06jFL-WFM8CYe1Ej2v6SpCyr6AIFApDaNxgQixCtVOFTU26FvG3ugfNgXZEQKL9A5OpFTHoxTsWOo-ketbG_47VHQDx1vKvXVUF3m5UZDGSJjV1_f5K58Fs8nW2tRocqnb-yRpILrqAKy2ZioFMP9qQ5TUWb3wRfQXm-zoMt_fKJ73obeWpcyucIqK415Pj5E4.siDluVOl04d_0bKvtEDGZBhleQO9Tpn6DRrOE6DZsp4&dib_tag=se&keywords=iphone+cover+13pro&qid=1725872105&sprefix=iphone+cover+13pro%2Caps%2C522&sr=8-18,,,1291,826,FALSE,FALSE,FALSE
Results,SOiOS for iPhone 13-Pro Phone Case: Military Grade Drop Proof Protection Mobile Cover with Kickstand | Matte Textured Rugged Shockproof TPU | Protective Sturdy Case - Blue(Not for 13 Pro Max),B09H6VHWKD,4.1,"1,054 ",https://www.amazon.com/iPhone-13-Pro-Protective-Built/dp/B09H6VHWKD/ref=sr_1_19?crid=14S2RDSMQQ6LZ&dib=eyJ2IjoiMSJ9._muNdQ9VM-gVv-wd5gmW38gvm-oG9usasqJvmoptT06jFL-WFM8CYe1Ej2v6SpCyr6AIFApDaNxgQixCtVOFTU26FvG3ugfNgXZEQKL9A5OpFTHoxTsWOo-ketbG_47VHQDx1vKvXVUF3m5UZDGSJjV1_f5K58Fs8nW2tRocqnb-yRpILrqAKy2ZioFMP9qQ5TUWb3wRfQXm-zoMt_fKJ73obeWpcyucIqK415Pj5E4.siDluVOl04d_0bKvtEDGZBhleQO9Tpn6DRrOE6DZsp4&dib_tag=se&keywords=iphone+cover+13pro&qid=1725872105&sprefix=iphone+cover+13pro%2Caps%2C522&sr=8-19,,,1291,826,FALSE,FALSE,FALSE
Results,"JETech Matte Case for iPhone 13 Pro 6.1-Inch, Shockproof Military Grade Drop Protection, Frosted Translucent Back Phone Cover, Anti-Fingerprint (Black)",B0BX2X6W78,4.5,"1,734 ",https://www.amazon.com/JETech-Shockproof-Protection-Translucent-Anti-Fingerprint/dp/B0BX2X6W78/ref=sr_1_20?crid=14S2RDSMQQ6LZ&dib=eyJ2IjoiMSJ9._muNdQ9VM-gVv-wd5gmW38gvm-oG9usasqJvmoptT06jFL-WFM8CYe1Ej2v6SpCyr6AIFApDaNxgQixCtVOFTU26FvG3ugfNgXZEQKL9A5OpFTHoxTsWOo-ketbG_47VHQDx1vKvXVUF3m5UZDGSJjV1_f5K58Fs8nW2tRocqnb-yRpILrqAKy2ZioFMP9qQ5TUWb3wRfQXm-zoMt_fKJ73obeWpcyucIqK415Pj5E4.siDluVOl04d_0bKvtEDGZBhleQO9Tpn6DRrOE6DZsp4&dib_tag=se&keywords=iphone+cover+13pro&qid=1725872105&sprefix=iphone+cover+13pro%2Caps%2C522&sr=8-20,,,1291,826,FALSE,FALSE,FALSE
Results,"Strong Magnetic for iPhone 13 Pro Case, [Compatible with Magsafe] [Mil-Grade Shockproof] with Screen Protector & Camera Lens Protector Matte Case for iPhone 13 Pro 6.1 inch - Hot Pink",B0CQ1ZGL43,4.3,312 ,https://www.amazon.com/FFBOGE-Compatible-Mil-Grade-Shockproof-Protector/dp/B0CQ1ZGL43/ref=sr_1_21?crid=14S2RDSMQQ6LZ&dib=eyJ2IjoiMSJ9._muNdQ9VM-gVv-wd5gmW38gvm-oG9usasqJvmoptT06jFL-WFM8CYe1Ej2v6SpCyr6AIFApDaNxgQixCtVOFTU26FvG3ugfNgXZEQKL9A5OpFTHoxTsWOo-ketbG_47VHQDx1vKvXVUF3m5UZDGSJjV1_f5K58Fs8nW2tRocqnb-yRpILrqAKy2ZioFMP9qQ5TUWb3wRfQXm-zoMt_fKJ73obeWpcyucIqK415Pj5E4.siDluVOl04d_0bKvtEDGZBhleQO9Tpn6DRrOE6DZsp4&dib_tag=se&keywords=iphone+cover+13pro&qid=1725872105&sprefix=iphone+cover+13pro%2Caps%2C522&sr=8-21,,,1291,826,FALSE,FALSE,FALSE
Results,"for iPhone 13 Pro Case, [Shockproof/Dust-Proof] Heavy Duty Protection Cover Case for iPhone 13 Pro 6.1 inch (Black/Gray)",B0BY13WYSZ,4.2,43 ,https://www.amazon.com/Protebox-iPhone-Shockproof-Dust-Proof-Protection/dp/B0BY13WYSZ/ref=sr_1_22?crid=14S2RDSMQQ6LZ&dib=eyJ2IjoiMSJ9._muNdQ9VM-gVv-wd5gmW38gvm-oG9usasqJvmoptT06jFL-WFM8CYe1Ej2v6SpCyr6AIFApDaNxgQixCtVOFTU26FvG3ugfNgXZEQKL9A5OpFTHoxTsWOo-ketbG_47VHQDx1vKvXVUF3m5UZDGSJjV1_f5K58Fs8nW2tRocqnb-yRpILrqAKy2ZioFMP9qQ5TUWb3wRfQXm-zoMt_fKJ73obeWpcyucIqK415Pj5E4.siDluVOl04d_0bKvtEDGZBhleQO9Tpn6DRrOE6DZsp4&dib_tag=se&keywords=iphone+cover+13pro&qid=1725872105&sprefix=iphone+cover+13pro%2Caps%2C522&sr=8-22,,,1291,826,FALSE,FALSE,FALSE
Results,"Fiyart Compatible with iPhone 13 Pro Case,Compatible with MagSafe Love Heart Plating Camera Protection Clear Phone Case, Magnetic Glitter for Women Girls Shockproof Back Bumper 6.1""-Gold",B0C8TGJCVQ,4.5,"1,835 ",https://www.amazon.com/Fiyart-Compatible-Protection-Magnetic-Shockproof/dp/B0C8TGJCVQ/ref=sr_1_23?crid=14S2RDSMQQ6LZ&dib=eyJ2IjoiMSJ9._muNdQ9VM-gVv-wd5gmW38gvm-oG9usasqJvmoptT06jFL-WFM8CYe1Ej2v6SpCyr6AIFApDaNxgQixCtVOFTU26FvG3ugfNgXZEQKL9A5OpFTHoxTsWOo-ketbG_47VHQDx1vKvXVUF3m5UZDGSJjV1_f5K58Fs8nW2tRocqnb-yRpILrqAKy2ZioFMP9qQ5TUWb3wRfQXm-zoMt_fKJ73obeWpcyucIqK415Pj5E4.siDluVOl04d_0bKvtEDGZBhleQO9Tpn6DRrOE6DZsp4&dib_tag=se&keywords=iphone+cover+13pro&qid=1725872105&sprefix=iphone+cover+13pro%2Caps%2C522&sr=8-23,,,1291,826,FALSE,FALSE,FALSE
Results,"(2024 New) Magnetic Clear for iPhone 13 Pro Case with MagSafe, with Camera Lens Cover Protection & Screen Protector, Slim Thin Mag Safe Magnet Phone Case Women Girls Men for Apple 13pro (Sierra Blue)",B0CTVQJ9B2,4.4,174 ,https://www.amazon.com/iPhone-13-Pro-Case-Protection/dp/B0CTVQJ9B2/ref=sr_1_24?crid=14S2RDSMQQ6LZ&dib=eyJ2IjoiMSJ9._muNdQ9VM-gVv-wd5gmW38gvm-oG9usasqJvmoptT06jFL-WFM8CYe1Ej2v6SpCyr6AIFApDaNxgQixCtVOFTU26FvG3ugfNgXZEQKL9A5OpFTHoxTsWOo-ketbG_47VHQDx1vKvXVUF3m5UZDGSJjV1_f5K58Fs8nW2tRocqnb-yRpILrqAKy2ZioFMP9qQ5TUWb3wRfQXm-zoMt_fKJ73obeWpcyucIqK415Pj5E4.siDluVOl04d_0bKvtEDGZBhleQO9Tpn6DRrOE6DZsp4&dib_tag=se&keywords=iphone+cover+13pro&qid=1725872105&sprefix=iphone+cover+13pro%2Caps%2C522&sr=8-24,,,1291,826,FALSE,FALSE,FALSE
Results,"Miracase Glass iPhone 13 Pro Case 6.1 inch, 2023 New Full-Body Clear Bumper Case with Built-in 9H Tempered Glass Screen Protector for iPhone 13 Pro, Capri Blu",B0CW9W3BND,4.4,"38,686 ",https://www.amazon.com/Miracase-iPhone-Full-Body-Tempered-Protector/dp/B0CW9W3BND/ref=sr_1_25?crid=14S2RDSMQQ6LZ&dib=eyJ2IjoiMSJ9._muNdQ9VM-gVv-wd5gmW38gvm-oG9usasqJvmoptT06jFL-WFM8CYe1Ej2v6SpCyr6AIFApDaNxgQixCtVOFTU26FvG3ugfNgXZEQKL9A5OpFTHoxTsWOo-ketbG_47VHQDx1vKvXVUF3m5UZDGSJjV1_f5K58Fs8nW2tRocqnb-yRpILrqAKy2ZioFMP9qQ5TUWb3wRfQXm-zoMt_fKJ73obeWpcyucIqK415Pj5E4.siDluVOl04d_0bKvtEDGZBhleQO9Tpn6DRrOE6DZsp4&dib_tag=se&keywords=iphone+cover+13pro&qid=1725872105&sprefix=iphone+cover+13pro%2Caps%2C522&sr=8-25,,,1291,826,FALSE,FALSE,FALSE
Results,"Magnetic for iPhone 13 Pro Case Logo View, Window Glass Lens Camera Protector,Compatible with Magsafe, Women Men Hard Shockproof Cases for iPhone 13Pro Slim Matte Cover 6.1 inch (White)",B0C2GQ7W6Q,3.8,21 ,https://www.amazon.com/LOOBIVAL-Magnetic-Protector-Compatible-Shockproof/dp/B0C2GQ7W6Q/ref=sr_1_26?crid=14S2RDSMQQ6LZ&dib=eyJ2IjoiMSJ9._muNdQ9VM-gVv-wd5gmW38gvm-oG9usasqJvmoptT06jFL-WFM8CYe1Ej2v6SpCyr6AIFApDaNxgQixCtVOFTU26FvG3ugfNgXZEQKL9A5OpFTHoxTsWOo-ketbG_47VHQDx1vKvXVUF3m5UZDGSJjV1_f5K58Fs8nW2tRocqnb-yRpILrqAKy2ZioFMP9qQ5TUWb3wRfQXm-zoMt_fKJ73obeWpcyucIqK415Pj5E4.siDluVOl04d_0bKvtEDGZBhleQO9Tpn6DRrOE6DZsp4&dib_tag=se&keywords=iphone+cover+13pro&qid=1725872105&sprefix=iphone+cover+13pro%2Caps%2C522&sr=8-26,,,1291,826,FALSE,FALSE,FALSE
Results,"Strong Magnetic Designed for iPhone 13 Pro Case, [Compatible with Magsafe][Military Grade Drop Protection] Protective Shockproof Translucent Matte Slim Phone Case for iPhone 13 Pro, Army Green",B0BX39N76K,4.4,567 ,https://www.amazon.com/Maozis-iPhone-13-Pro-Translucent/dp/B0BX39N76K/ref=sr_1_27?crid=14S2RDSMQQ6LZ&dib=eyJ2IjoiMSJ9._muNdQ9VM-gVv-wd5gmW38gvm-oG9usasqJvmoptT06jFL-WFM8CYe1Ej2v6SpCyr6AIFApDaNxgQixCtVOFTU26FvG3ugfNgXZEQKL9A5OpFTHoxTsWOo-ketbG_47VHQDx1vKvXVUF3m5UZDGSJjV1_f5K58Fs8nW2tRocqnb-yRpILrqAKy2ZioFMP9qQ5TUWb3wRfQXm-zoMt_fKJ73obeWpcyucIqK415Pj5E4.siDluVOl04d_0bKvtEDGZBhleQO9Tpn6DRrOE6DZsp4&dib_tag=se&keywords=iphone+cover+13pro&qid=1725872105&sprefix=iphone+cover+13pro%2Caps%2C522&sr=8-27,,,1291,826,FALSE,FALSE,FALSE
Results,"[2024 New] Magnetic Clear for iPhone 13 Pro Max Case, with Camera Protection + Screen Protector for MagSafe, Shockproof Slim Promax Magnet Mag Safe Thin Phone Cover for Apple 13pro Max (Light Blue)",B0CK6KR7ZB,4.3,226 ,https://www.amazon.com/iPhone-13-Pro-Max-Case/dp/B0CK6KR7ZB/ref=sr_1_28?crid=14S2RDSMQQ6LZ&dib=eyJ2IjoiMSJ9._muNdQ9VM-gVv-wd5gmW38gvm-oG9usasqJvmoptT06jFL-WFM8CYe1Ej2v6SpCyr6AIFApDaNxgQixCtVOFTU26FvG3ugfNgXZEQKL9A5OpFTHoxTsWOo-ketbG_47VHQDx1vKvXVUF3m5UZDGSJjV1_f5K58Fs8nW2tRocqnb-yRpILrqAKy2ZioFMP9qQ5TUWb3wRfQXm-zoMt_fKJ73obeWpcyucIqK415Pj5E4.siDluVOl04d_0bKvtEDGZBhleQO9Tpn6DRrOE6DZsp4&dib_tag=se&keywords=iphone+cover+13pro&qid=1725872105&sprefix=iphone+cover+13pro%2Caps%2C522&sr=8-28,,,1291,826,TRUE,FALSE,FALSE
Results,Coralogo for iPhone 13 Pro Case Astronaut Cute Girls Women Girly Unique Red Phone Cases with Hidden Stand Kickstand 6D Design with Camera Lens Protector Cover for iPhone 13Pro 6.1'',B0BFF7XN9K,4.5,284 ,https://www.amazon.com/Coralogo-iPhone-13-Pro-Case/dp/B0BFF7XN9K/ref=sr_1_29?crid=14S2RDSMQQ6LZ&dib=eyJ2IjoiMSJ9._muNdQ9VM-gVv-wd5gmW38gvm-oG9usasqJvmoptT06jFL-WFM8CYe1Ej2v6SpCyr6AIFApDaNxgQixCtVOFTU26FvG3ugfNgXZEQKL9A5OpFTHoxTsWOo-ketbG_47VHQDx1vKvXVUF3m5UZDGSJjV1_f5K58Fs8nW2tRocqnb-yRpILrqAKy2ZioFMP9qQ5TUWb3wRfQXm-zoMt_fKJ73obeWpcyucIqK415Pj5E4.siDluVOl04d_0bKvtEDGZBhleQO9Tpn6DRrOE6DZsp4&dib_tag=se&keywords=iphone+cover+13pro&qid=1725872105&sprefix=iphone+cover+13pro%2Caps%2C522&sr=8-29,,,1291,826,FALSE,FALSE,FALSE
Results,"JETech Magnetic Case for iPhone 13 Pro 6.1-Inch, Compatible with MagSafe, Translucent Matte Back Camera Lens Full Protection Slim Shockproof Phone Cover (Black)",B0C2GV4X7W,4.5,"3,028 ",https://www.amazon.com/JETech-Compatible-Translucent-Protection-Shockproof/dp/B0C2GV4X7W/ref=sr_1_30?crid=14S2RDSMQQ6LZ&dib=eyJ2IjoiMSJ9._muNdQ9VM-gVv-wd5gmW38gvm-oG9usasqJvmoptT06jFL-WFM8CYe1Ej2v6SpCyr6AIFApDaNxgQixCtVOFTU26FvG3ugfNgXZEQKL9A5OpFTHoxTsWOo-ketbG_47VHQDx1vKvXVUF3m5UZDGSJjV1_f5K58Fs8nW2tRocqnb-yRpILrqAKy2ZioFMP9qQ5TUWb3wRfQXm-zoMt_fKJ73obeWpcyucIqK415Pj5E4.siDluVOl04d_0bKvtEDGZBhleQO9Tpn6DRrOE6DZsp4&dib_tag=se&keywords=iphone+cover+13pro&qid=1725872105&sprefix=iphone+cover+13pro%2Caps%2C522&sr=8-30,,,1291,826,FALSE,FALSE,FALSE
Results,"Flower Designed for iPhone 13 Pro Case[with Screen Protector], Floral Clear Women Phone Case Shockproof Protective Soft TPU Bumper Cover 6.1 Inch 2021 (Lavender/Purple)",B09FKW26NW,4.4,687 ,https://www.amazon.com/ilnehc-Designed-Protector-Shockproof-Protective/dp/B09FKW26NW/ref=sr_1_31?crid=14S2RDSMQQ6LZ&dib=eyJ2IjoiMSJ9._muNdQ9VM-gVv-wd5gmW38gvm-oG9usasqJvmoptT06jFL-WFM8CYe1Ej2v6SpCyr6AIFApDaNxgQixCtVOFTU26FvG3ugfNgXZEQKL9A5OpFTHoxTsWOo-ketbG_47VHQDx1vKvXVUF3m5UZDGSJjV1_f5K58Fs8nW2tRocqnb-yRpILrqAKy2ZioFMP9qQ5TUWb3wRfQXm-zoMt_fKJ73obeWpcyucIqK415Pj5E4.siDluVOl04d_0bKvtEDGZBhleQO9Tpn6DRrOE6DZsp4&dib_tag=se&keywords=iphone+cover+13pro&qid=1725872105&sprefix=iphone+cover+13pro%2Caps%2C522&sr=8-31,,,1291,826,FALSE,FALSE,FALSE
Results,"Lanhiem for iPhone 13 Pro Case, IP68 Waterproof Dustproof Shockproof Cases with Built-in Screen Protector, Full Body Protective Front and Back Cover for iPhone 13 Pro, 6.1 inch (Black)",B09GLL4VJ8,4.0,"1,595 ",https://www.amazon.com/Lanhiem-Waterproof-Dustproof-Shockproof-Protective/dp/B09GLL4VJ8/ref=sr_1_32?crid=14S2RDSMQQ6LZ&dib=eyJ2IjoiMSJ9._muNdQ9VM-gVv-wd5gmW38gvm-oG9usasqJvmoptT06jFL-WFM8CYe1Ej2v6SpCyr6AIFApDaNxgQixCtVOFTU26FvG3ugfNgXZEQKL9A5OpFTHoxTsWOo-ketbG_47VHQDx1vKvXVUF3m5UZDGSJjV1_f5K58Fs8nW2tRocqnb-yRpILrqAKy2ZioFMP9qQ5TUWb3wRfQXm-zoMt_fKJ73obeWpcyucIqK415Pj5E4.siDluVOl04d_0bKvtEDGZBhleQO9Tpn6DRrOE6DZsp4&dib_tag=se&keywords=iphone+cover+13pro&qid=1725872105&sprefix=iphone+cover+13pro%2Caps%2C522&sr=8-32,,,1291,826,FALSE,FALSE,FALSE
